charger0,u0,p0


0.0,6.016666666666662,2.058333333333337
0.0,8.508333333333333,2.1083333333333343

0.0,13.541666666666666,0.7346666666650388
0.0,16.508333333333333,2.166666666666668
0.0,19.016666666666666,2.1083333333340892


