charger0,u0,p0


19.0,6.016666666666667,0.21399637740820054







